"KR6of10.orf","KR6of10.position","KR6of10.name"
"Q0070",330,"Q0070_330"
"YAL001C",478,"YAL001C_478"
"YAL001C",708,"YAL001C_708"
"YAL001C",778,"YAL001C_778"
"YAL011W",21,"YAL011W_21"
"YAL011W",190,"YAL011W_190"
"YAL011W",205,"YAL011W_205"
"YAL011W",245,"YAL011W_245"
"YAL011W",425,"YAL011W_425"
"YAL011W",498,"YAL011W_498"
"YAL017W",383,"YAL017W_383"
"YAL025C",142,"YAL025C_142"
"YAL025C",268,"YAL025C_268"
"YAL029C",1010,"YAL029C_1010"
"YAL031C",442,"YAL031C_442"
"YAL035W",67,"YAL035W_67"
"YAL035W",89,"YAL035W_89"
"YAL035W",105,"YAL035W_105"
"YAL035W",219,"YAL035W_219"
"YAL035W",277,"YAL035W_277"
"YAL048C",427,"YAL048C_427"
"YAL055W",53,"YAL055W_53"
"YAL059W",81,"YAL059W_81"
"YBL002W",31,"YBL002W_31"
"YBL004W",2440,"YBL004W_2440"
"YBL004W",2462,"YBL004W_2462"
"YBL004W",2486,"YBL004W_2486"
"YBL005W",19,"YBL005W_19"
"YBL006C",144,"YBL006C_144"
"YBL007C",264,"YBL007C_264"
"YBL007C",571,"YBL007C_571"
"YBL007C",587,"YBL007C_587"
"YBL010C",267,"YBL010C_267"
"YBL011W",623,"YBL011W_623"
"YBL014C",878,"YBL014C_878"
"YBL017C",397,"YBL017C_397"
"YBL017C",619,"YBL017C_619"
"YBL023C",151,"YBL023C_151"
"YBL023C",741,"YBL023C_741"
"YBL024W",3,"YBL024W_3"
"YBL029W",360,"YBL029W_360"
"YBL031W",155,"YBL031W_155"
"YBL046W",316,"YBL046W_316"
"YBL051C",171,"YBL051C_171"
"YBL052C",253,"YBL052C_253"
"YBL052C",620,"YBL052C_620"
"YBL052C",813,"YBL052C_813"
"YBL059W",63,"YBL059W_63"
"YBL061C",680,"YBL061C_680"
"YBL067C",182,"YBL067C_182"
"YBL072C",17,"YBL072C_17"
"YBL076C",905,"YBL076C_905"
"YBL087C",63,"YBL087C_63"
"YBL091C",41,"YBL091C_41"
"YBL091C",113,"YBL091C_113"
"YBL092W",11,"YBL092W_11"
"YBL097W",450,"YBL097W_450"
"YBL097W",643,"YBL097W_643"
"YBL103C",295,"YBL103C_295"
"YBL104C",606,"YBL104C_606"
"YBL105C",549,"YBL105C_549"
"YBL105C",808,"YBL105C_808"
"YBR005W",64,"YBR005W_64"
"YBR015C",314,"YBR015C_314"
"YBR024W",285,"YBR024W_285"
"YBR028C",421,"YBR028C_421"
"YBR033W",60,"YBR033W_60"
"YBR045C",16,"YBR045C_16"
"YBR048W",24,"YBR048W_24"
"YBR049C",776,"YBR049C_776"
"YBR050C",149,"YBR050C_149"
"YBR054W",304,"YBR054W_304"
"YBR055C",39,"YBR055C_39"
"YBR055C",77,"YBR055C_77"
"YBR060C",73,"YBR060C_73"
"YBR060C",103,"YBR060C_103"
"YBR065C",337,"YBR065C_337"
"YBR066C",208,"YBR066C_208"
"YBR079C",651,"YBR079C_651"
"YBR081C",329,"YBR081C_329"
"YBR108W",45,"YBR108W_45"
"YBR114W",8,"YBR114W_8"
"YBR114W",117,"YBR114W_117"
"YBR119W",138,"YBR119W_138"
"YBR119W",158,"YBR119W_158"
"YBR121C",140,"YBR121C_140"
"YBR122C",168,"YBR122C_168"
"YBR129C",225,"YBR129C_225"
"YBR138C",495,"YBR138C_495"
"YBR139W",435,"YBR139W_435"
"YBR142W",766,"YBR142W_766"
"YBR146W",261,"YBR146W_261"
"YBR150C",273,"YBR150C_273"
"YBR156C",6,"YBR156C_6"
"YBR156C",544,"YBR156C_544"
"YBR162W-A",21,"YBR162W-A_21"
"YBR168W",402,"YBR168W_402"
"YBR172C",384,"YBR172C_384"
"YBR172C",428,"YBR172C_428"
"YBR179C",623,"YBR179C_623"
"YBR181C",85,"YBR181C_85"
"YBR182C",99,"YBR182C_99"
"YBR184W",181,"YBR184W_181"
"YBR197C",37,"YBR197C_37"
"YBR203W",119,"YBR203W_119"
"YBR203W",169,"YBR203W_169"
"YBR203W",288,"YBR203W_288"
"YBR208C",623,"YBR208C_623"
"YBR218C",960,"YBR218C_960"
"YBR221W-A",11,"YBR221W-A_11"
"YBR237W",19,"YBR237W_19"
"YBR237W",66,"YBR237W_66"
"YBR237W",88,"YBR237W_88"
"YBR237W",191,"YBR237W_191"
"YBR239C",27,"YBR239C_27"
"YBR255W",139,"YBR255W_139"
"YBR257W",260,"YBR257W_260"
"YBR267W",73,"YBR267W_73"
"YBR267W",367,"YBR267W_367"
"YBR268W",83,"YBR268W_83"
"YBR275C",1778,"YBR275C_1778"
"YBR279W",305,"YBR279W_305"
"YBR289W",665,"YBR289W_665"
"YCL001W-A",118,"YCL001W-A_118"
"YCL001W-B",42,"YCL001W-B_42"
"YCL011C",45,"YCL011C_45"
"YCL016C",364,"YCL016C_364"
"YCL024W",373,"YCL024W_373"
"YCL024W",409,"YCL024W_409"
"YCL024W",471,"YCL024W_471"
"YCL027W",395,"YCL027W_395"
"YCL031C",283,"YCL031C_283"
"YCL051W",566,"YCL051W_566"
"YCL052C",408,"YCL052C_408"
"YCL054W",364,"YCL054W_364"
"YCL054W",781,"YCL054W_781"
"YCL054W",831,"YCL054W_831"
"YCL057W",178,"YCL057W_178"
"YCL059C",135,"YCL059C_135"
"YCL059C",228,"YCL059C_228"
"YCL061C",519,"YCL061C_519"
"YCL061C",819,"YCL061C_819"
"YCL061C",1073,"YCL061C_1073"
"YCR003W",75,"YCR003W_75"
"YCR018C",41,"YCR018C_41"
"YCR018C",199,"YCR018C_199"
"YCR030C",287,"YCR030C_287"
"YCR031C",127,"YCR031C_127"
"YCR033W",739,"YCR033W_739"
"YCR037C",74,"YCR037C_74"
"YCR042C",773,"YCR042C_773"
"YCR046C",58,"YCR046C_58"
"YCR047C",248,"YCR047C_248"
"YCR047C",265,"YCR047C_265"
"YCR066W",173,"YCR066W_173"
"YCR067C",51,"YCR067C_51"
"YCR073W-A",81,"YCR073W-A_81"
"YCR086W",177,"YCR086W_177"
"YCR091W",300,"YCR091W_300"
"YCR091W",362,"YCR091W_362"
"YCR092C",92,"YCR092C_92"
"YCR106W",19,"YCR106W_19"
"YDL002C",74,"YDL002C_74"
"YDL007W",11,"YDL007W_11"
"YDL007W",30,"YDL007W_30"
"YDL013W",572,"YDL013W_572"
"YDL015C",293,"YDL015C_293"
"YDL018C",127,"YDL018C_127"
"YDL019C",1228,"YDL019C_1228"
"YDL025C",233,"YDL025C_233"
"YDL030W",58,"YDL030W_58"
"YDL031W",80,"YDL031W_80"
"YDL031W",406,"YDL031W_406"
"YDL031W",775,"YDL031W_775"
"YDL031W",837,"YDL031W_837"
"YDL031W",985,"YDL031W_985"
"YDL035C",79,"YDL035C_79"
"YDL035C",726,"YDL035C_726"
"YDL036C",51,"YDL036C_51"
"YDL048C",269,"YDL048C_269"
"YDL051W",161,"YDL051W_161"
"YDL056W",700,"YDL056W_700"
"YDL070W",250,"YDL070W_250"
"YDL070W",493,"YDL070W_493"
"YDL075W",70,"YDL075W_70"
"YDL079C",36,"YDL079C_36"
"YDL082W",177,"YDL082W_177"
"YDL087C",175,"YDL087C_175"
"YDL089W",476,"YDL089W_476"
"YDL092W",122,"YDL092W_122"
"YDL099W",19,"YDL099W_19"
"YDL102W",674,"YDL102W_674"
"YDL105W",290,"YDL105W_290"
"YDL106C",128,"YDL106C_128"
"YDL115C",127,"YDL115C_127"
"YDL117W",197,"YDL117W_197"
"YDL121C",127,"YDL121C_127"
"YDL122W",174,"YDL122W_174"
"YDL129W",283,"YDL129W_283"
"YDL133W",238,"YDL133W_238"
"YDL136W",81,"YDL136W_81"
"YDL138W",570,"YDL138W_570"
"YDL139C",2,"YDL139C_2"
"YDL148C",25,"YDL148C_25"
"YDL148C",801,"YDL148C_801"
"YDL150W",337,"YDL150W_337"
"YDL153C",409,"YDL153C_409"
"YDL153C",559,"YDL153C_559"
"YDL159W",488,"YDL159W_488"
"YDL161W",148,"YDL161W_148"
"YDL169C",80,"YDL169C_80"
"YDL173W",219,"YDL173W_219"
"YDL173W",274,"YDL173W_274"
"YDL174C",289,"YDL174C_289"
"YDL186W",47,"YDL186W_47"
"YDL189W",261,"YDL189W_261"
"YDL191W",81,"YDL191W_81"
"YDL199C",108,"YDL199C_108"
"YDL201W",263,"YDL201W_263"
"YDL206W",291,"YDL206W_291"
"YDL207W",153,"YDL207W_153"
"YDL207W",160,"YDL207W_160"
"YDL207W",187,"YDL207W_187"
"YDL213C",56,"YDL213C_56"
"YDL214C",390,"YDL214C_390"
"YDL225W",13,"YDL225W_13"
"YDL239C",316,"YDL239C_316"
"YDR003W-A",10,"YDR003W-A_10"
"YDR011W",1492,"YDR011W_1492"
"YDR014W",119,"YDR014W_119"
"YDR014W",374,"YDR014W_374"
"YDR014W-A",114,"YDR014W-A_114"
"YDR025W",24,"YDR025W_24"
"YDR026C",35,"YDR026C_35"
"YDR026C",118,"YDR026C_118"
"YDR028C",175,"YDR028C_175"
"YDR030C",411,"YDR030C_411"
"YDR033W",300,"YDR033W_300"
"YDR034C",231,"YDR034C_231"
"YDR035W",362,"YDR035W_362"
"YDR052C",74,"YDR052C_74"
"YDR060W",28,"YDR060W_28"
"YDR060W",524,"YDR060W_524"
"YDR060W",722,"YDR060W_722"
"YDR060W",993,"YDR060W_993"
"YDR067C",76,"YDR067C_76"
"YDR072C",140,"YDR072C_140"
"YDR076W",320,"YDR076W_320"
"YDR079W",71,"YDR079W_71"
"YDR080W",239,"YDR080W_239"
"YDR081C",858,"YDR081C_858"
"YDR083W",27,"YDR083W_27"
"YDR083W",226,"YDR083W_226"
"YDR083W",350,"YDR083W_350"
"YDR083W",367,"YDR083W_367"
"YDR085C",336,"YDR085C_336"
"YDR088C",191,"YDR088C_191"
"YDR089W",614,"YDR089W_614"
"YDR093W",361,"YDR093W_361"
"YDR096W",861,"YDR096W_861"
"YDR110W",353,"YDR110W_353"
"YDR115W",90,"YDR115W_90"
"YDR117C",558,"YDR117C_558"
"YDR120C",91,"YDR120C_91"
"YDR122W",643,"YDR122W_643"
"YDR125C",41,"YDR125C_41"
"YDR138W",643,"YDR138W_643"
"YDR141C",255,"YDR141C_255"
"YDR146C",644,"YDR146C_644"
"YDR151C",132,"YDR151C_132"
"YDR153C",181,"YDR153C_181"
"YDR153C",275,"YDR153C_275"
"YDR164C",705,"YDR164C_705"
"YDR174W",228,"YDR174W_228"
"YDR175C",283,"YDR175C_283"
"YDR176W",606,"YDR176W_606"
"YDR180W",427,"YDR180W_427"
"YDR181C",213,"YDR181C_213"
"YDR181C",270,"YDR181C_270"
"YDR182W",25,"YDR182W_25"
"YDR188W",318,"YDR188W_318"
"YDR191W",39,"YDR191W_39"
"YDR201W",146,"YDR201W_146"
"YDR204W",252,"YDR204W_252"
"YDR207C",822,"YDR207C_822"
"YDR208W",356,"YDR208W_356"
"YDR211W",516,"YDR211W_516"
"YDR212W",319,"YDR212W_319"
"YDR213W",10,"YDR213W_10"
"YDR216W",218,"YDR216W_218"
"YDR217C",695,"YDR217C_695"
"YDR218C",21,"YDR218C_21"
"YDR221W",290,"YDR221W_290"
"YDR223W",359,"YDR223W_359"
"YDR224C",31,"YDR224C_31"
"YDR235W",230,"YDR235W_230"
"YDR238C",666,"YDR238C_666"
"YDR251W",810,"YDR251W_810"
"YDR255C",65,"YDR255C_65"
"YDR263C",91,"YDR263C_91"
"YDR263C",362,"YDR263C_362"
"YDR266C",31,"YDR266C_31"
"YDR283C",1372,"YDR283C_1372"
"YDR283C",1460,"YDR283C_1460"
"YDR283C",1550,"YDR283C_1550"
"YDR285W",867,"YDR285W_867"
"YDR291W",933,"YDR291W_933"
"YDR292C",188,"YDR292C_188"
"YDR293C",417,"YDR293C_417"
"YDR295C",224,"YDR295C_224"
"YDR296W",104,"YDR296W_104"
"YDR301W",184,"YDR301W_184"
"YDR302W",4,"YDR302W_4"
"YDR306C",72,"YDR306C_72"
"YDR310C",326,"YDR310C_326"
"YDR312W",374,"YDR312W_374"
"YDR312W",391,"YDR312W_391"
"YDR312W",399,"YDR312W_399"
"YDR314C",74,"YDR314C_74"
"YDR314C",603,"YDR314C_603"
"YDR316W",155,"YDR316W_155"
"YDR316W",421,"YDR316W_421"
"YDR318W",27,"YDR318W_27"
"YDR318W",142,"YDR318W_142"
"YDR324C",667,"YDR324C_667"
"YDR325W",502,"YDR325W_502"
"YDR326C",19,"YDR326C_19"
"YDR326C",1228,"YDR326C_1228"
"YDR333C",92,"YDR333C_92"
"YDR334W",232,"YDR334W_232"
"YDR334W",783,"YDR334W_783"
"YDR337W",274,"YDR337W_274"
"YDR348C",221,"YDR348C_221"
"YDR361C",216,"YDR361C_216"
"YDR362C",7,"YDR362C_7"
"YDR362C",36,"YDR362C_36"
"YDR364C",53,"YDR364C_53"
"YDR364C",366,"YDR364C_366"
"YDR365C",208,"YDR365C_208"
"YDR365C",435,"YDR365C_435"
"YDR365C",524,"YDR365C_524"
"YDR365C",579,"YDR365C_579"
"YDR365C",615,"YDR365C_615"
"YDR369C",354,"YDR369C_354"
"YDR370C",53,"YDR370C_53"
"YDR381W",201,"YDR381W_201"
"YDR386W",122,"YDR386W_122"
"YDR386W",325,"YDR386W_325"
"YDR387C",337,"YDR387C_337"
"YDR389W",288,"YDR389W_288"
"YDR398W",266,"YDR398W_266"
"YDR412W",45,"YDR412W_45"
"YDR412W",203,"YDR412W_203"
"YDR412W",226,"YDR412W_226"
"YDR418W",90,"YDR418W_90"
"YDR420W",1333,"YDR420W_1333"
"YDR423C",30,"YDR423C_30"
"YDR439W",318,"YDR439W_318"
"YDR440W",156,"YDR440W_156"
"YDR444W",425,"YDR444W_425"
"YDR447C",128,"YDR447C_128"
"YDR449C",65,"YDR449C_65"
"YDR451C",171,"YDR451C_171"
"YDR452W",459,"YDR452W_459"
"YDR452W",556,"YDR452W_556"
"YDR457W",199,"YDR457W_199"
"YDR458C",74,"YDR458C_74"
"YDR458C",122,"YDR458C_122"
"YDR459C",253,"YDR459C_253"
"YDR460W",217,"YDR460W_217"
"YDR463W",278,"YDR463W_278"
"YDR463W",346,"YDR463W_346"
"YDR464W",212,"YDR464W_212"
"YDR464W",369,"YDR464W_369"
"YDR464W",376,"YDR464W_376"
"YDR464W",401,"YDR464W_401"
"YDR464W",604,"YDR464W_604"
"YDR464W",626,"YDR464W_626"
"YDR464W",690,"YDR464W_690"
"YDR464W",810,"YDR464W_810"
"YDR464W",1241,"YDR464W_1241"
"YDR464W",1426,"YDR464W_1426"
"YDR466W",350,"YDR466W_350"
"YDR466W",889,"YDR466W_889"
"YDR471W",60,"YDR471W_60"
"YDR473C",241,"YDR473C_241"
"YDR475C",342,"YDR475C_342"
"YDR478W",158,"YDR478W_158"
"YDR481C",22,"YDR481C_22"
"YDR485C",144,"YDR485C_144"
"YDR485C",209,"YDR485C_209"
"YDR485C",315,"YDR485C_315"
"YDR501W",501,"YDR501W_501"
"YDR503C",93,"YDR503C_93"
"YDR507C",576,"YDR507C_576"
"YDR515W",106,"YDR515W_106"
"YDR517W",324,"YDR517W_324"
"YDR520C",61,"YDR520C_61"
"YDR520C",388,"YDR520C_388"
"YDR527W",48,"YDR527W_48"
"YDR528W",404,"YDR528W_404"
"YDR540C",158,"YDR540C_158"
"YEL009C",240,"YEL009C_240"
"YEL032W",764,"YEL032W_764"
"YEL033W",105,"YEL033W_105"
"YEL050C",81,"YEL050C_81"
"YEL054C",90,"YEL054C_90"
"YEL055C",312,"YEL055C_312"
"YEL057C",207,"YEL057C_207"
"YEL060C",135,"YEL060C_135"
"YER002W",19,"YER002W_19"
"YER002W",216,"YER002W_216"
"YER005W",542,"YER005W_542"
"YER006W",20,"YER006W_20"
"YER006W",27,"YER006W_27"
"YER007W",117,"YER007W_117"
"YER008C",366,"YER008C_366"
"YER013W",280,"YER013W_280"
"YER013W",411,"YER013W_411"
"YER024W",312,"YER024W_312"
"YER028C",75,"YER028C_75"
"YER029C",105,"YER029C_105"
"YER029C",124,"YER029C_124"
"YER030W",29,"YER030W_29"
"YER032W",136,"YER032W_136"
"YER035W",90,"YER035W_90"
"YER036C",27,"YER036C_27"
"YER037W",151,"YER037W_151"
"YER038W-A",32,"YER038W-A_32"
"YER040W",351,"YER040W_351"
"YER041W",554,"YER041W_554"
"YER051W",101,"YER051W_101"
"YER056C-A",113,"YER056C-A_113"
"YER058W",43,"YER058W_43"
"YER064C",40,"YER064C_40"
"YER064C",103,"YER064C_103"
"YER068W",102,"YER068W_102"
"YER074W",105,"YER074W_105"
"YER074W",123,"YER074W_123"
"YER077C",95,"YER077C_95"
"YER079W",120,"YER079W_120"
"YER083C",9,"YER083C_9"
"YER085C",161,"YER085C_161"
"YER093C-A",5,"YER093C-A_5"
"YER098W",738,"YER098W_738"
"YER102W",17,"YER102W_17"
"YER104W",111,"YER104W_111"
"YER111C",371,"YER111C_371"
"YER114C",688,"YER114C_688"
"YER115C",80,"YER115C_80"
"YER115C",87,"YER115C_87"
"YER116C",264,"YER116C_264"
"YER117W",63,"YER117W_63"
"YER124C",21,"YER124C_21"
"YER126C",23,"YER126C_23"
"YER127W",302,"YER127W_302"
"YER132C",1578,"YER132C_1578"
"YER137C",113,"YER137C_113"
"YER142C",232,"YER142C_232"
"YER151C",806,"YER151C_806"
"YER155C",1698,"YER155C_1698"
"YER161C",67,"YER161C_67"
"YER161C",319,"YER161C_319"
"YER162C",29,"YER162C_29"
"YER162C",240,"YER162C_240"
"YER162C",386,"YER162C_386"
"YER164W",1107,"YER164W_1107"
"YER166W",323,"YER166W_323"
"YER167W",82,"YER167W_82"
"YER167W",123,"YER167W_123"
"YER169W",742,"YER169W_742"
"YER173W",570,"YER173W_570"
"YER176W",160,"YER176W_160"
"YER184C",23,"YER184C_23"
"YFL001W",74,"YFL001W_74"
"YFL002C",499,"YFL002C_499"
"YFL002C",522,"YFL002C_522"
"YFL002C",543,"YFL002C_543"
"YFL002C",549,"YFL002C_549"
"YFL004W",627,"YFL004W_627"
"YFL007W",1425,"YFL007W_1425"
"YFL008W",1055,"YFL008W_1055"
"YFL013C",642,"YFL013C_642"
"YFL021W",271,"YFL021W_271"
"YFL023W",429,"YFL023W_429"
"YFL023W",435,"YFL023W_435"
"YFL023W",551,"YFL023W_551"
"YFL024C",313,"YFL024C_313"
"YFL029C",95,"YFL029C_95"
"YFL031W",29,"YFL031W_29"
"YFL033C",1616,"YFL033C_1616"
"YFL034W",530,"YFL034W_530"
"YFL049W",486,"YFL049W_486"
"YFL052W",14,"YFL052W_14"
"YFR001W",43,"YFR001W_43"
"YFR001W",89,"YFR001W_89"
"YFR001W",170,"YFR001W_170"
"YFR003C",114,"YFR003C_114"
"YFR010W",370,"YFR010W_370"
"YFR013W",53,"YFR013W_53"
"YFR013W",74,"YFR013W_74"
"YFR016C",184,"YFR016C_184"
"YFR019W",681,"YFR019W_681"
"YFR019W",779,"YFR019W_779"
"YFR028C",369,"YFR028C_369"
"YFR029W",364,"YFR029W_364"
"YFR032C",117,"YFR032C_117"
"YFR038W",177,"YFR038W_177"
"YFR040W",246,"YFR040W_246"
"YFR040W",576,"YFR040W_576"
"YFR051C",161,"YFR051C_161"
"YGL006W",184,"YGL006W_184"
"YGL013C",50,"YGL013C_50"
"YGL025C",211,"YGL025C_211"
"YGL029W",102,"YGL029W_102"
"YGL031C",69,"YGL031C_69"
"YGL031C",108,"YGL031C_108"
"YGL031C",115,"YGL031C_115"
"YGL035C",96,"YGL035C_96"
"YGL049C",487,"YGL049C_487"
"YGL049C",542,"YGL049C_542"
"YGL050W",248,"YGL050W_248"
"YGL055W",391,"YGL055W_391"
"YGL058W",6,"YGL058W_6"
"YGL062W",959,"YGL062W_959"
"YGL064C",50,"YGL064C_50"
"YGL066W",211,"YGL066W_211"
"YGL071W",147,"YGL071W_147"
"YGL071W",202,"YGL071W_202"
"YGL071W",253,"YGL071W_253"
"YGL078C",21,"YGL078C_21"
"YGL081W",272,"YGL081W_272"
"YGL082W",367,"YGL082W_367"
"YGL090W",264,"YGL090W_264"
"YGL090W",280,"YGL090W_280"
"YGL099W",619,"YGL099W_619"
"YGL108C",39,"YGL108C_39"
"YGL110C",497,"YGL110C_497"
"YGL111W",424,"YGL111W_424"
"YGL113W",296,"YGL113W_296"
"YGL113W",311,"YGL113W_311"
"YGL113W",655,"YGL113W_655"
"YGL120C",754,"YGL120C_754"
"YGL131C",544,"YGL131C_544"
"YGL131C",616,"YGL131C_616"
"YGL133W",313,"YGL133W_313"
"YGL135W",97,"YGL135W_97"
"YGL138C",325,"YGL138C_325"
"YGL141W",29,"YGL141W_29"
"YGL143C",338,"YGL143C_338"
"YGL150C",345,"YGL150C_345"
"YGL166W",93,"YGL166W_93"
"YGL167C",796,"YGL167C_796"
"YGL171W",533,"YGL171W_533"
"YGL173C",373,"YGL173C_373"
"YGL174W",15,"YGL174W_15"
"YGL175C",219,"YGL175C_219"
"YGL176C",51,"YGL176C_51"
"YGL186C",491,"YGL186C_491"
"YGL203C",639,"YGL203C_639"
"YGL203C",703,"YGL203C_703"
"YGL219C",347,"YGL219C_347"
"YGL228W",525,"YGL228W_525"
"YGL229C",520,"YGL229C_520"
"YGL244W",170,"YGL244W_170"
"YGL249W",281,"YGL249W_281"
"YGL249W",436,"YGL249W_436"
"YGL251C",106,"YGL251C_106"
"YGR004W",28,"YGR004W_28"
"YGR004W",384,"YGR004W_384"
"YGR005C",172,"YGR005C_172"
"YGR009C",32,"YGR009C_32"
"YGR009C",515,"YGR009C_515"
"YGR026W",6,"YGR026W_6"
"YGR027C",21,"YGR027C_21"
"YGR029W",164,"YGR029W_164"
"YGR032W",264,"YGR032W_264"
"YGR032W",1810,"YGR032W_1810"
"YGR047C",102,"YGR047C_102"
"YGR047C",599,"YGR047C_599"
"YGR048W",333,"YGR048W_333"
"YGR053C",232,"YGR053C_232"
"YGR054W",550,"YGR054W_550"
"YGR056W",289,"YGR056W_289"
"YGR056W",806,"YGR056W_806"
"YGR062C",146,"YGR062C_146"
"YGR072W",56,"YGR072W_56"
"YGR072W",269,"YGR072W_269"
"YGR072W",294,"YGR072W_294"
"YGR072W",331,"YGR072W_331"
"YGR079W",343,"YGR079W_343"
"YGR080W",322,"YGR080W_322"
"YGR081C",86,"YGR081C_86"
"YGR083C",556,"YGR083C_556"
"YGR085C",137,"YGR085C_137"
"YGR088W",511,"YGR088W_511"
"YGR089W",734,"YGR089W_734"
"YGR089W",888,"YGR089W_888"
"YGR091W",364,"YGR091W_364"
"YGR092W",166,"YGR092W_166"
"YGR094W",111,"YGR094W_111"
"YGR094W",1045,"YGR094W_1045"
"YGR098C",1184,"YGR098C_1184"
"YGR103W",537,"YGR103W_537"
"YGR103W",562,"YGR103W_562"
"YGR103W",585,"YGR103W_585"
"YGR116W",77,"YGR116W_77"
"YGR117C",71,"YGR117C_71"
"YGR125W",790,"YGR125W_790"
"YGR129W",9,"YGR129W_9"
"YGR129W",173,"YGR129W_173"
"YGR138C",356,"YGR138C_356"
"YGR140W",666,"YGR140W_666"
"YGR145W",31,"YGR145W_31"
"YGR147C",273,"YGR147C_273"
"YGR148C",69,"YGR148C_69"
"YGR148C",108,"YGR148C_108"
"YGR148C",115,"YGR148C_115"
"YGR153W",93,"YGR153W_93"
"YGR162W",216,"YGR162W_216"
"YGR162W",523,"YGR162W_523"
"YGR162W",582,"YGR162W_582"
"YGR169C-A",59,"YGR169C-A_59"
"YGR169C-A",83,"YGR169C-A_83"
"YGR170W",2,"YGR170W_2"
"YGR179C",213,"YGR179C_213"
"YGR184C",1165,"YGR184C_1165"
"YGR185C",362,"YGR185C_362"
"YGR186W",319,"YGR186W_319"
"YGR186W",437,"YGR186W_437"
"YGR188C",364,"YGR188C_364"
"YGR202C",25,"YGR202C_25"
"YGR202C",61,"YGR202C_61"
"YGR215W",83,"YGR215W_83"
"YGR215W",103,"YGR215W_103"
"YGR227W",320,"YGR227W_320"
"YGR237C",386,"YGR237C_386"
"YGR237C",766,"YGR237C_766"
"YGR245C",297,"YGR245C_297"
"YGR245C",311,"YGR245C_311"
"YGR246C",292,"YGR246C_292"
"YGR246C",517,"YGR246C_517"
"YGR251W",136,"YGR251W_136"
"YGR251W",190,"YGR251W_190"
"YGR258C",89,"YGR258C_89"
"YGR258C",984,"YGR258C_984"
"YGR261C",759,"YGR261C_759"
"YGR270W",157,"YGR270W_157"
"YGR270W",194,"YGR270W_194"
"YGR270W",384,"YGR270W_384"
"YGR270W",991,"YGR270W_991"
"YGR271C-A",90,"YGR271C-A_90"
"YGR273C",158,"YGR273C_158"
"YGR274C",512,"YGR274C_512"
"YGR274C",912,"YGR274C_912"
"YGR276C",42,"YGR276C_42"
"YGR276C",172,"YGR276C_172"
"YGR276C",522,"YGR276C_522"
"YGR280C",70,"YGR280C_70"
"YGR280C",170,"YGR280C_170"
"YGR281W",167,"YGR281W_167"
"YGR281W",556,"YGR281W_556"
"YGR283C",84,"YGR283C_84"
"YGR285C",255,"YGR285C_255"
"YGR285C",294,"YGR285C_294"
"YGR285C",348,"YGR285C_348"
"YHL001W",124,"YHL001W_124"
"YHL007C",591,"YHL007C_591"
"YHL010C",572,"YHL010C_572"
"YHL013C",35,"YHL013C_35"
"YHL013C",116,"YHL013C_116"
"YHL019C",175,"YHL019C_175"
"YHL023C",441,"YHL023C_441"
"YHR003C",226,"YHR003C_226"
"YHR006W",221,"YHR006W_221"
"YHR006W",321,"YHR006W_321"
"YHR010W",60,"YHR010W_60"
"YHR014W",47,"YHR014W_47"
"YHR048W",259,"YHR048W_259"
"YHR052W",18,"YHR052W_18"
"YHR065C",3,"YHR065C_3"
"YHR065C",55,"YHR065C_55"
"YHR066W",374,"YHR066W_374"
"YHR066W",391,"YHR066W_391"
"YHR066W",399,"YHR066W_399"
"YHR073W",230,"YHR073W_230"
"YHR073W",587,"YHR073W_587"
"YHR079C",91,"YHR079C_91"
"YHR079C",642,"YHR079C_642"
"YHR080C",22,"YHR080C_22"
"YHR080C",1137,"YHR080C_1137"
"YHR081W",163,"YHR081W_163"
"YHR081W",171,"YHR081W_171"
"YHR082C",459,"YHR082C_459"
"YHR082C",484,"YHR082C_484"
"YHR085W",3,"YHR085W_3"
"YHR085W",16,"YHR085W_16"
"YHR088W",28,"YHR088W_28"
"YHR089C",133,"YHR089C_133"
"YHR090C",161,"YHR090C_161"
"YHR090C",274,"YHR090C_274"
"YHR097C",284,"YHR097C_284"
"YHR099W",3312,"YHR099W_3312"
"YHR117W",80,"YHR117W_80"
"YHR119W",572,"YHR119W_572"
"YHR131C",318,"YHR131C_318"
"YHR146W",128,"YHR146W_128"
"YHR146W",397,"YHR146W_397"
"YHR152W",135,"YHR152W_135"
"YHR156C",83,"YHR156C_83"
"YHR159W",469,"YHR159W_469"
"YHR164C",38,"YHR164C_38"
"YHR164C",1004,"YHR164C_1004"
"YHR165C",109,"YHR165C_109"
"YHR169W",415,"YHR169W_415"
"YHR170W",399,"YHR170W_399"
"YHR178W",24,"YHR178W_24"
"YHR178W",548,"YHR178W_548"
"YHR184W",368,"YHR184W_368"
"YIL005W",673,"YIL005W_673"
"YIL009W",21,"YIL009W_21"
"YIL016W",44,"YIL016W_44"
"YIL016W",134,"YIL016W_134"
"YIL019W",337,"YIL019W_337"
"YIL022W",177,"YIL022W_177"
"YIL026C",78,"YIL026C_78"
"YIL026C",221,"YIL026C_221"
"YIL035C",69,"YIL035C_69"
"YIL045W",282,"YIL045W_282"
"YIL047C",23,"YIL047C_23"
"YIL052C",113,"YIL052C_113"
"YIL056W",97,"YIL056W_97"
"YIL057C",3,"YIL057C_3"
"YIL069C",105,"YIL069C_105"
"YIL069C",123,"YIL069C_123"
"YIL075C",809,"YIL075C_809"
"YIL084C",9,"YIL084C_9"
"YIL089W",91,"YIL089W_91"
"YIL091C",17,"YIL091C_17"
"YIL092W",33,"YIL092W_33"
"YIL102C",3,"YIL102C_3"
"YIL107C",521,"YIL107C_521"
"YIL112W",809,"YIL112W_809"
"YIL119C",168,"YIL119C_168"
"YIL126W",1084,"YIL126W_1084"
"YIL126W",1143,"YIL126W_1143"
"YIL126W",1198,"YIL126W_1198"
"YIL127C",66,"YIL127C_66"
"YIL127C",158,"YIL127C_158"
"YIL132C",187,"YIL132C_187"
"YIL134W",208,"YIL134W_208"
"YIL143C",64,"YIL143C_64"
"YIL146C",369,"YIL146C_369"
"YIL150C",43,"YIL150C_43"
"YIL150C",427,"YIL150C_427"
"YIL151C",542,"YIL151C_542"
"YIL154C",40,"YIL154C_40"
"YIL154C",333,"YIL154C_333"
"YIL156W",862,"YIL156W_862"
"YIL161W",41,"YIL161W_41"
"YIL161W",74,"YIL161W_74"
"YIL173W",379,"YIL173W_379"
"YIL173W",595,"YIL173W_595"
"YIR002C",274,"YIR002C_274"
"YIR002C",498,"YIR002C_498"
"YIR002C",701,"YIR002C_701"
"YIR003W",501,"YIR003W_501"
"YIR006C",1024,"YIR006C_1024"
"YIR006C",1152,"YIR006C_1152"
"YIR010W",412,"YIR010W_412"
"YIR017C",73,"YIR017C_73"
"YIR017C",106,"YIR017C_106"
"YIR017C",121,"YIR017C_121"
"YIR018C-A",15,"YIR018C-A_15"
"YIR025W",54,"YIR025W_54"
"YIR033W",244,"YIR033W_244"
"YJL005W",471,"YJL005W_471"
"YJL010C",229,"YJL010C_229"
"YJL033W",665,"YJL033W_665"
"YJL038C",154,"YJL038C_154"
"YJL050W",883,"YJL050W_883"
"YJL057C",303,"YJL057C_303"
"YJL071W",544,"YJL071W_544"
"YJL083W",364,"YJL083W_364"
"YJL089W",745,"YJL089W_745"
"YJL092W",1060,"YJL092W_1060"
"YJL096W",131,"YJL096W_131"
"YJL103C",46,"YJL103C_46"
"YJL107C",101,"YJL107C_101"
"YJL107C",316,"YJL107C_316"
"YJL109C",822,"YJL109C_822"
"YJL112W",368,"YJL112W_368"
"YJL117W",6,"YJL117W_6"
"YJL118W",113,"YJL118W_113"
"YJL118W",135,"YJL118W_135"
"YJL118W",143,"YJL118W_143"
"YJL122W",87,"YJL122W_87"
"YJL127C",149,"YJL127C_149"
"YJL129C",145,"YJL129C_145"
"YJL129C",479,"YJL129C_479"
"YJL129C",623,"YJL129C_623"
"YJL129C",1051,"YJL129C_1051"
"YJL131C",329,"YJL131C_329"
"YJL131C",343,"YJL131C_343"
"YJL138C",156,"YJL138C_156"
"YJL140W",11,"YJL140W_11"
"YJL140W",66,"YJL140W_66"
"YJL148W",187,"YJL148W_187"
"YJL148W",208,"YJL148W_208"
"YJL155C",110,"YJL155C_110"
"YJL162C",400,"YJL162C_400"
"YJL168C",612,"YJL168C_612"
"YJL168C",704,"YJL168C_704"
"YJL187C",302,"YJL187C_302"
"YJL189W",40,"YJL189W_40"
"YJL191W",128,"YJL191W_128"
"YJL194W",474,"YJL194W_474"
"YJL197W",1206,"YJL197W_1206"
"YJL203W",261,"YJL203W_261"
"YJL206C",15,"YJL206C_15"
"YJL207C",124,"YJL207C_124"
"YJL222W",379,"YJL222W_379"
"YJL222W",595,"YJL222W_595"
"YJR002W",525,"YJR002W_525"
"YJR005C-A",62,"YJR005C-A_62"
"YJR014W",102,"YJR014W_102"
"YJR035W",937,"YJR035W_937"
"YJR039W",919,"YJR039W_919"
"YJR050W",103,"YJR050W_103"
"YJR052W",142,"YJR052W_142"
"YJR072C",274,"YJR072C_274"
"YJR076C",12,"YJR076C_12"
"YJR084W",62,"YJR084W_62"
"YJR089W",386,"YJR089W_386"
"YJR125C",152,"YJR125C_152"
"YJR127C",85,"YJR127C_85"
"YJR134C",16,"YJR134C_16"
"YJR137C",1043,"YJR137C_1043"
"YJR137C",1160,"YJR137C_1160"
"YJR138W",1126,"YJR138W_1126"
"YJR144W",251,"YJR144W_251"
"YJR155W",158,"YJR155W_158"
"YKL005C",29,"YKL005C_29"
"YKL006W",124,"YKL006W_124"
"YKL008C",14,"YKL008C_14"
"YKL010C",975,"YKL010C_975"
"YKL010C",1100,"YKL010C_1100"
"YKL017C",324,"YKL017C_324"
"YKL017C",340,"YKL017C_340"
"YKL020C",216,"YKL020C_216"
"YKL021C",447,"YKL021C_447"
"YKL023W",84,"YKL023W_84"
"YKL023W",140,"YKL023W_140"
"YKL023W",226,"YKL023W_226"
"YKL027W",237,"YKL027W_237"
"YKL032C",349,"YKL032C_349"
"YKL038W",51,"YKL038W_51"
"YKL038W",472,"YKL038W_472"
"YKL042W",269,"YKL042W_269"
"YKL048C",440,"YKL048C_440"
"YKL049C",110,"YKL049C_110"
"YKL064W",25,"YKL064W_25"
"YKL064W",212,"YKL064W_212"
"YKL064W",557,"YKL064W_557"
"YKL064W",634,"YKL064W_634"
"YKL072W",732,"YKL072W_732"
"YKL073W",825,"YKL073W_825"
"YKL075C",31,"YKL075C_31"
"YKL077W",352,"YKL077W_352"
"YKL082C",205,"YKL082C_205"
"YKL082C",246,"YKL082C_246"
"YKL082C",345,"YKL082C_345"
"YKL082C",352,"YKL082C_352"
"YKL082C",388,"YKL082C_388"
"YKL089W",46,"YKL089W_46"
"YKL089W",336,"YKL089W_336"
"YKL092C",608,"YKL092C_608"
"YKL092C",1089,"YKL092C_1089"
"YKL099C",192,"YKL099C_192"
"YKL099C",243,"YKL099C_243"
"YKL100C",140,"YKL100C_140"
"YKL105C",1123,"YKL105C_1123"
"YKL108W",345,"YKL108W_345"
"YKL108W",375,"YKL108W_375"
"YKL108W",416,"YKL108W_416"
"YKL108W",435,"YKL108W_435"
"YKL109W",118,"YKL109W_118"
"YKL112W",426,"YKL112W_426"
"YKL114C",334,"YKL114C_334"
"YKL114C",360,"YKL114C_360"
"YKL119C",199,"YKL119C_199"
"YKL122C",155,"YKL122C_155"
"YKL124W",556,"YKL124W_556"
"YKL129C",5,"YKL129C_5"
"YKL129C",17,"YKL129C_17"
"YKL138C",68,"YKL138C_68"
"YKL143W",318,"YKL143W_318"
"YKL143W",440,"YKL143W_440"
"YKL155C",576,"YKL155C_576"
"YKL172W",28,"YKL172W_28"
"YKL172W",49,"YKL172W_49"
"YKL172W",78,"YKL172W_78"
"YKL172W",336,"YKL172W_336"
"YKL172W",417,"YKL172W_417"
"YKL173W",881,"YKL173W_881"
"YKL198C",211,"YKL198C_211"
"YKL201C",1037,"YKL201C_1037"
"YKL201C",1050,"YKL201C_1050"
"YKL201C",1058,"YKL201C_1058"
"YKL201C",1066,"YKL201C_1066"
"YKL201C",1074,"YKL201C_1074"
"YKL201C",1082,"YKL201C_1082"
"YKL201C",1098,"YKL201C_1098"
"YKL201C",1138,"YKL201C_1138"
"YKL204W",72,"YKL204W_72"
"YKL222C",9,"YKL222C_9"
"YKL222C",66,"YKL222C_66"
"YKR002W",527,"YKR002W_527"
"YKR006C",97,"YKR006C_97"
"YKR010C",573,"YKR010C_573"
"YKR015C",167,"YKR015C_167"
"YKR015C",256,"YKR015C_256"
"YKR015C",505,"YKR015C_505"
"YKR019C",307,"YKR019C_307"
"YKR019C",409,"YKR019C_409"
"YKR021W",907,"YKR021W_907"
"YKR023W",111,"YKR023W_111"
"YKR023W",284,"YKR023W_284"
"YKR024C",32,"YKR024C_32"
"YKR024C",261,"YKR024C_261"
"YKR027W",9,"YKR027W_9"
"YKR029C",227,"YKR029C_227"
"YKR031C",1421,"YKR031C_1421"
"YKR031C",1606,"YKR031C_1606"
"YKR034W",101,"YKR034W_101"
"YKR041W",21,"YKR041W_21"
"YKR041W",77,"YKR041W_77"
"YKR044W",421,"YKR044W_421"
"YKR050W",872,"YKR050W_872"
"YKR056W",101,"YKR056W_101"
"YKR059W",156,"YKR059W_156"
"YKR062W",298,"YKR062W_298"
"YKR063C",390,"YKR063C_390"
"YKR064W",23,"YKR064W_23"
"YKR071C",254,"YKR071C_254"
"YKR078W",81,"YKR078W_81"
"YKR084C",75,"YKR084C_75"
"YKR085C",173,"YKR085C_173"
"YKR086W",1041,"YKR086W_1041"
"YKR096W",603,"YKR096W_603"
"YKR098C",571,"YKR098C_571"
"YKR099W",7,"YKR099W_7"
"YKR099W",666,"YKR099W_666"
"YKR101W",93,"YKR101W_93"
"YLL008W",38,"YLL008W_38"
"YLL008W",696,"YLL008W_696"
"YLL008W",744,"YLL008W_744"
"YLL011W",473,"YLL011W_473"
"YLL013C",355,"YLL013C_355"
"YLL019C",468,"YLL019C_468"
"YLL027W",134,"YLL027W_134"
"YLL029W",302,"YLL029W_302"
"YLL034C",175,"YLL034C_175"
"YLL040C",104,"YLL040C_104"
"YLL043W",556,"YLL043W_556"
"YLL046C",68,"YLL046C_68"
"YLL046C",208,"YLL046C_208"
"YLR002C",371,"YLR002C_371"
"YLR003C",69,"YLR003C_69"
"YLR003C",76,"YLR003C_76"
"YLR005W",50,"YLR005W_50"
"YLR005W",106,"YLR005W_106"
"YLR008C",126,"YLR008C_126"
"YLR009W",41,"YLR009W_41"
"YLR009W",188,"YLR009W_188"
"YLR014C",35,"YLR014C_35"
"YLR015W",410,"YLR015W_410"
"YLR020C",60,"YLR020C_60"
"YLR022C",19,"YLR022C_19"
"YLR024C",1177,"YLR024C_1177"
"YLR029C",63,"YLR029C_63"
"YLR029C",184,"YLR029C_184"
"YLR033W",425,"YLR033W_425"
"YLR033W",496,"YLR033W_496"
"YLR051C",207,"YLR051C_207"
"YLR052W",234,"YLR052W_234"
"YLR065C",159,"YLR065C_159"
"YLR068W",78,"YLR068W_78"
"YLR068W",110,"YLR068W_110"
"YLR074C",7,"YLR074C_7"
"YLR074C",69,"YLR074C_69"
"YLR084C",1149,"YLR084C_1149"
"YLR086W",1230,"YLR086W_1230"
"YLR087C",1757,"YLR087C_1757"
"YLR094C",274,"YLR094C_274"
"YLR095C",688,"YLR095C_688"
"YLR098C",48,"YLR098C_48"
"YLR103C",222,"YLR103C_222"
"YLR106C",768,"YLR106C_768"
"YLR115W",430,"YLR115W_430"
"YLR117C",635,"YLR117C_635"
"YLR119W",7,"YLR119W_7"
"YLR129W",294,"YLR129W_294"
"YLR135W",167,"YLR135W_167"
"YLR137W",58,"YLR137W_58"
"YLR138W",539,"YLR138W_539"
"YLR145W",183,"YLR145W_183"
"YLR149C",543,"YLR149C_543"
"YLR152C",300,"YLR152C_300"
"YLR167W",72,"YLR167W_72"
"YLR167W",89,"YLR167W_89"
"YLR175W",434,"YLR175W_434"
"YLR175W",476,"YLR175W_476"
"YLR189C",464,"YLR189C_464"
"YLR192C",51,"YLR192C_51"
"YLR196W",268,"YLR196W_268"
"YLR197W",448,"YLR197W_448"
"YLR197W",465,"YLR197W_465"
"YLR204W",82,"YLR204W_82"
"YLR206W",157,"YLR206W_157"
"YLR210W",43,"YLR210W_43"
"YLR219W",320,"YLR219W_320"
"YLR221C",12,"YLR221C_12"
"YLR223C",458,"YLR223C_458"
"YLR223C",472,"YLR223C_472"
"YLR223C",859,"YLR223C_859"
"YLR223C",872,"YLR223C_872"
"YLR227C",11,"YLR227C_11"
"YLR238W",369,"YLR238W_369"
"YLR238W",375,"YLR238W_375"
"YLR244C",131,"YLR244C_131"
"YLR247C",155,"YLR247C_155"
"YLR247C",1504,"YLR247C_1504"
"YLR249W",1004,"YLR249W_1004"
"YLR249W",1020,"YLR249W_1020"
"YLR256W",52,"YLR256W_52"
"YLR256W",68,"YLR256W_68"
"YLR257W",106,"YLR257W_106"
"YLR260W",4,"YLR260W_4"
"YLR262C-A",8,"YLR262C-A_8"
"YLR263W",572,"YLR263W_572"
"YLR265C",331,"YLR265C_331"
"YLR266C",20,"YLR266C_20"
"YLR276C",365,"YLR276C_365"
"YLR276C",569,"YLR276C_569"
"YLR278C",45,"YLR278C_45"
"YLR281C",113,"YLR281C_113"
"YLR287C-A",28,"YLR287C-A_28"
"YLR289W",611,"YLR289W_611"
"YLR290C",140,"YLR290C_140"
"YLR298C",52,"YLR298C_52"
"YLR305C",1565,"YLR305C_1565"
"YLR309C",287,"YLR309C_287"
"YLR310C",801,"YLR310C_801"
"YLR312C",12,"YLR312C_12"
"YLR312C",294,"YLR312C_294"
"YLR320W",435,"YLR320W_435"
"YLR320W",508,"YLR320W_508"
"YLR321C",395,"YLR321C_395"
"YLR321C",408,"YLR321C_408"
"YLR324W",394,"YLR324W_394"
"YLR326W",41,"YLR326W_41"
"YLR328W",53,"YLR328W_53"
"YLR330W",658,"YLR330W_658"
"YLR333C",21,"YLR333C_21"
"YLR335W",38,"YLR335W_38"
"YLR336C",34,"YLR336C_34"
"YLR336C",42,"YLR336C_42"
"YLR342W",245,"YLR342W_245"
"YLR342W",1791,"YLR342W_1791"
"YLR345W",331,"YLR345W_331"
"YLR346C",74,"YLR346C_74"
"YLR357W",330,"YLR357W_330"
"YLR372W",308,"YLR372W_308"
"YLR375W",134,"YLR375W_134"
"YLR384C",1170,"YLR384C_1170"
"YLR384C",1228,"YLR384C_1228"
"YLR387C",86,"YLR387C_86"
"YLR394W",473,"YLR394W_473"
"YLR399C",485,"YLR399C_485"
"YLR399C",515,"YLR399C_515"
"YLR401C",70,"YLR401C_70"
"YLR406C",70,"YLR406C_70"
"YLR409C",236,"YLR409C_236"
"YLR409C",495,"YLR409C_495"
"YLR410W",1114,"YLR410W_1114"
"YLR412C-A",19,"YLR412C-A_19"
"YLR412C-A",35,"YLR412C-A_35"
"YLR412C-A",54,"YLR412C-A_54"
"YLR412W",212,"YLR412W_212"
"YLR419W",24,"YLR419W_24"
"YLR422W",1045,"YLR422W_1045"
"YLR424W",10,"YLR424W_10"
"YLR427W",509,"YLR427W_509"
"YLR427W",518,"YLR427W_518"
"YLR427W",650,"YLR427W_650"
"YLR430W",1902,"YLR430W_1902"
"YLR430W",1921,"YLR430W_1921"
"YLR435W",138,"YLR435W_138"
"YLR441C",5,"YLR441C_5"
"YLR442C",28,"YLR442C_28"
"YLR448W",108,"YLR448W_108"
"YLR449W",90,"YLR449W_90"
"YLR449W",229,"YLR449W_229"
"YLR449W",258,"YLR449W_258"
"YLR451W",70,"YLR451W_70"
"YLR454W",1133,"YLR454W_1133"
"YLR455W",137,"YLR455W_137"
"YLR457C",31,"YLR457C_31"
"YLR457C",52,"YLR457C_52"
"YLR457C",67,"YLR457C_67"
"YML007W",50,"YML007W_50"
"YML007W",79,"YML007W_79"
"YML009C",53,"YML009C_53"
"YML010W",171,"YML010W_171"
"YML024W",128,"YML024W_128"
"YML027W",177,"YML027W_177"
"YML027W",360,"YML027W_360"
"YML034W",87,"YML034W_87"
"YML037C",206,"YML037C_206"
"YML043C",11,"YML043C_11"
"YML043C",76,"YML043C_76"
"YML061C",317,"YML061C_317"
"YML062C",272,"YML062C_272"
"YML063W",5,"YML063W_5"
"YML065W",28,"YML065W_28"
"YML065W",306,"YML065W_306"
"YML065W",328,"YML065W_328"
"YML065W",362,"YML065W_362"
"YML065W",551,"YML065W_551"
"YML072C",949,"YML072C_949"
"YML073C",108,"YML073C_108"
"YML074C",88,"YML074C_88"
"YML074C",250,"YML074C_250"
"YML074C",267,"YML074C_267"
"YML076C",115,"YML076C_115"
"YML082W",87,"YML082W_87"
"YML086C",491,"YML086C_491"
"YML088W",134,"YML088W_134"
"YML093W",3,"YML093W_3"
"YML093W",389,"YML093W_389"
"YML093W",700,"YML093W_700"
"YML093W",800,"YML093W_800"
"YML099C",152,"YML099C_152"
"YML109W",656,"YML109W_656"
"YML109W",679,"YML109W_679"
"YML109W",697,"YML109W_697"
"YML111W",299,"YML111W_299"
"YML113W",27,"YML113W_27"
"YML117W",1084,"YML117W_1084"
"YMR005W",107,"YMR005W_107"
"YMR005W",267,"YMR005W_267"
"YMR014W",45,"YMR014W_45"
"YMR014W",380,"YMR014W_380"
"YMR014W",406,"YMR014W_406"
"YMR017W",258,"YMR017W_258"
"YMR019W",118,"YMR019W_118"
"YMR030W",257,"YMR030W_257"
"YMR037C",615,"YMR037C_615"
"YMR039C",141,"YMR039C_141"
"YMR040W",142,"YMR040W_142"
"YMR044W",226,"YMR044W_226"
"YMR044W",258,"YMR044W_258"
"YMR044W",279,"YMR044W_279"
"YMR066W",611,"YMR066W_611"
"YMR075W",31,"YMR075W_31"
"YMR076C",1208,"YMR076C_1208"
"YMR078C",276,"YMR078C_276"
"YMR086W",950,"YMR086W_950"
"YMR091C",93,"YMR091C_93"
"YMR093W",330,"YMR093W_330"
"YMR094W",54,"YMR094W_54"
"YMR094W",231,"YMR094W_231"
"YMR098C",182,"YMR098C_182"
"YMR100W",529,"YMR100W_529"
"YMR102C",131,"YMR102C_131"
"YMR111C",422,"YMR111C_422"
"YMR114C",358,"YMR114C_358"
"YMR121C",63,"YMR121C_63"
"YMR121C",184,"YMR121C_184"
"YMR128W",71,"YMR128W_71"
"YMR128W",88,"YMR128W_88"
"YMR132C",182,"YMR132C_182"
"YMR136W",415,"YMR136W_415"
"YMR137C",10,"YMR137C_10"
"YMR142C",177,"YMR142C_177"
"YMR147W",4,"YMR147W_4"
"YMR164C",668,"YMR164C_668"
"YMR166C",34,"YMR166C_34"
"YMR172W",582,"YMR172W_582"
"YMR172W",658,"YMR172W_658"
"YMR183C",258,"YMR183C_258"
"YMR184W",39,"YMR184W_39"
"YMR186W",249,"YMR186W_249"
"YMR190C",1329,"YMR190C_1329"
"YMR192W",633,"YMR192W_633"
"YMR193W",153,"YMR193W_153"
"YMR194W",67,"YMR194W_67"
"YMR196W",972,"YMR196W_972"
"YMR198W",24,"YMR198W_24"
"YMR201C",301,"YMR201C_301"
"YMR210W",107,"YMR210W_107"
"YMR213W",165,"YMR213W_165"
"YMR213W",259,"YMR213W_259"
"YMR213W",312,"YMR213W_312"
"YMR216C",373,"YMR216C_373"
"YMR218C",1050,"YMR218C_1050"
"YMR219W",1602,"YMR219W_1602"
"YMR224C",590,"YMR224C_590"
"YMR227C",24,"YMR227C_24"
"YMR227C",44,"YMR227C_44"
"YMR227C",273,"YMR227C_273"
"YMR229C",77,"YMR229C_77"
"YMR229C",229,"YMR229C_229"
"YMR229C",1434,"YMR229C_1434"
"YMR233W",88,"YMR233W_88"
"YMR240C",124,"YMR240C_124"
"YMR260C",7,"YMR260C_7"
"YMR261C",736,"YMR261C_736"
"YMR263W",187,"YMR263W_187"
"YMR265C",290,"YMR265C_290"
"YMR266W",258,"YMR266W_258"
"YMR269W",126,"YMR269W_126"
"YMR269W",139,"YMR269W_139"
"YMR269W",158,"YMR269W_158"
"YMR269W",184,"YMR269W_184"
"YMR270C",261,"YMR270C_261"
"YMR273C",493,"YMR273C_493"
"YMR273C",721,"YMR273C_721"
"YMR275C",319,"YMR275C_319"
"YMR284W",256,"YMR284W_256"
"YMR285C",42,"YMR285C_42"
"YMR287C",28,"YMR287C_28"
"YMR288W",95,"YMR288W_95"
"YMR295C",182,"YMR295C_182"
"YMR316W",307,"YMR316W_307"
"YNL002C",21,"YNL002C_21"
"YNL002C",38,"YNL002C_38"
"YNL007C",197,"YNL007C_197"
"YNL008C",434,"YNL008C_434"
"YNL012W",47,"YNL012W_47"
"YNL014W",1020,"YNL014W_1020"
"YNL021W",663,"YNL021W_663"
"YNL024C",202,"YNL024C_202"
"YNL027W",398,"YNL027W_398"
"YNL029C",465,"YNL029C_465"
"YNL035C",368,"YNL035C_368"
"YNL039W",300,"YNL039W_300"
"YNL039W",568,"YNL039W_568"
"YNL050C",199,"YNL050C_199"
"YNL050C",231,"YNL050C_231"
"YNL059C",413,"YNL059C_413"
"YNL059C",467,"YNL059C_467"
"YNL061W",22,"YNL061W_22"
"YNL061W",48,"YNL061W_48"
"YNL072W",292,"YNL072W_292"
"YNL077W",487,"YNL077W_487"
"YNL078W",179,"YNL078W_179"
"YNL080C",299,"YNL080C_299"
"YNL084C",101,"YNL084C_101"
"YNL086W",50,"YNL086W_50"
"YNL088W",333,"YNL088W_333"
"YNL088W",1187,"YNL088W_1187"
"YNL088W",1206,"YNL088W_1206"
"YNL091W",6,"YNL091W_6"
"YNL091W",635,"YNL091W_635"
"YNL091W",667,"YNL091W_667"
"YNL091W",687,"YNL091W_687"
"YNL091W",693,"YNL091W_693"
"YNL091W",725,"YNL091W_725"
"YNL097C",222,"YNL097C_222"
"YNL102W",94,"YNL102W_94"
"YNL102W",916,"YNL102W_916"
"YNL103W",601,"YNL103W_601"
"YNL124W",264,"YNL124W_264"
"YNL129W",156,"YNL129W_156"
"YNL132W",70,"YNL132W_70"
"YNL132W",1043,"YNL132W_1043"
"YNL133C",47,"YNL133C_47"
"YNL136W",242,"YNL136W_242"
"YNL136W",399,"YNL136W_399"
"YNL143C",49,"YNL143C_49"
"YNL144C",322,"YNL144C_322"
"YNL146C-A",17,"YNL146C-A_17"
"YNL149C",56,"YNL149C_56"
"YNL149C",88,"YNL149C_88"
"YNL155W",132,"YNL155W_132"
"YNL167C",371,"YNL167C_371"
"YNL167C",445,"YNL167C_445"
"YNL169C",109,"YNL169C_109"
"YNL173C",124,"YNL173C_124"
"YNL175C",50,"YNL175C_50"
"YNL175C",116,"YNL175C_116"
"YNL175C",318,"YNL175C_318"
"YNL176C",481,"YNL176C_481"
"YNL180C",314,"YNL180C_314"
"YNL181W",396,"YNL181W_396"
"YNL186W",775,"YNL186W_775"
"YNL194C",264,"YNL194C_264"
"YNL196C",62,"YNL196C_62"
"YNL204C",13,"YNL204C_13"
"YNL207W",277,"YNL207W_277"
"YNL211C",76,"YNL211C_76"
"YNL213C",60,"YNL213C_60"
"YNL213C",136,"YNL213C_136"
"YNL215W",241,"YNL215W_241"
"YNL215W",247,"YNL215W_247"
"YNL221C",106,"YNL221C_106"
"YNL224C",531,"YNL224C_531"
"YNL224C",561,"YNL224C_561"
"YNL227C",221,"YNL227C_221"
"YNL227C",456,"YNL227C_456"
"YNL227C",513,"YNL227C_513"
"YNL227C",577,"YNL227C_577"
"YNL230C",175,"YNL230C_175"
"YNL233W",366,"YNL233W_366"
"YNL238W",700,"YNL238W_700"
"YNL251C",246,"YNL251C_246"
"YNL260C",3,"YNL260C_3"
"YNL261W",360,"YNL261W_360"
"YNL262W",1237,"YNL262W_1237"
"YNL262W",1281,"YNL262W_1281"
"YNL265C",269,"YNL265C_269"
"YNL265C",289,"YNL265C_289"
"YNL270C",63,"YNL270C_63"
"YNL271C",904,"YNL271C_904"
"YNL271C",1822,"YNL271C_1822"
"YNL272C",645,"YNL272C_645"
"YNL273W",396,"YNL273W_396"
"YNL273W",748,"YNL273W_748"
"YNL273W",1011,"YNL273W_1011"
"YNL277W-A",28,"YNL277W-A_28"
"YNL292W",53,"YNL292W_53"
"YNL293W",619,"YNL293W_619"
"YNL294C",466,"YNL294C_466"
"YNL299W",14,"YNL299W_14"
"YNL299W",536,"YNL299W_536"
"YNL299W",566,"YNL299W_566"
"YNL301C",170,"YNL301C_170"
"YNL304W",147,"YNL304W_147"
"YNL308C",3,"YNL308C_3"
"YNL308C",291,"YNL308C_291"
"YNL308C",315,"YNL308C_315"
"YNL308C",421,"YNL308C_421"
"YNL308C",520,"YNL308C_520"
"YNL323W",270,"YNL323W_270"
"YNL328C",103,"YNL328C_103"
"YNR006W",238,"YNR006W_238"
"YNR007C",246,"YNR007C_246"
"YNR008W",64,"YNR008W_64"
"YNR008W",71,"YNR008W_71"
"YNR021W",386,"YNR021W_386"
"YNR024W",71,"YNR024W_71"
"YNR034W",82,"YNR034W_82"
"YNR047W",472,"YNR047W_472"
"YNR053C",5,"YNR053C_5"
"YNR060W",444,"YNR060W_444"
"YNR063W",50,"YNR063W_50"
"YNR065C",162,"YNR065C_162"
"YNR070W",34,"YNR070W_34"
"YOL002C",200,"YOL002C_200"
"YOL006C",55,"YOL006C_55"
"YOL013C",366,"YOL013C_366"
"YOL017W",367,"YOL017W_367"
"YOL017W",703,"YOL017W_703"
"YOL028C",61,"YOL028C_61"
"YOL030W",182,"YOL030W_182"
"YOL041C",81,"YOL041C_81"
"YOL041C",355,"YOL041C_355"
"YOL043C",2,"YOL043C_2"
"YOL067C",18,"YOL067C_18"
"YOL068C",493,"YOL068C_493"
"YOL070C",405,"YOL070C_405"
"YOL075C",637,"YOL075C_637"
"YOL084W",278,"YOL084W_278"
"YOL087C",561,"YOL087C_561"
"YOL087C",587,"YOL087C_587"
"YOL089C",171,"YOL089C_171"
"YOL090W",400,"YOL090W_400"
"YOL093W",28,"YOL093W_28"
"YOL093W",51,"YOL093W_51"
"YOL108C",29,"YOL108C_29"
"YOL112W",105,"YOL112W_105"
"YOL114C",191,"YOL114C_191"
"YOL115W",21,"YOL115W_21"
"YOL120C",170,"YOL120C_170"
"YOL125W",27,"YOL125W_27"
"YOL133W",31,"YOL133W_31"
"YOL141W",12,"YOL141W_12"
"YOL144W",467,"YOL144W_467"
"YOL145C",987,"YOL145C_987"
"YOL145C",1005,"YOL145C_1005"
"YOL148C",562,"YOL148C_562"
"YOL148C",583,"YOL148C_583"
"YOR001W",718,"YOR001W_718"
"YOR004W",2,"YOR004W_2"
"YOR004W",228,"YOR004W_228"
"YOR005C",661,"YOR005C_661"
"YOR014W",23,"YOR014W_23"
"YOR019W",35,"YOR019W_35"
"YOR019W",710,"YOR019W_710"
"YOR023C",496,"YOR023C_496"
"YOR030W",510,"YOR030W_510"
"YOR030W",551,"YOR030W_551"
"YOR033C",91,"YOR033C_91"
"YOR042W",189,"YOR042W_189"
"YOR043W",362,"YOR043W_362"
"YOR048C",401,"YOR048C_401"
"YOR051C",10,"YOR051C_10"
"YOR052C",70,"YOR052C_70"
"YOR056C",151,"YOR056C_151"
"YOR057W",134,"YOR057W_134"
"YOR062C",183,"YOR062C_183"
"YOR064C",123,"YOR064C_123"
"YOR064C",209,"YOR064C_209"
"YOR073W",185,"YOR073W_185"
"YOR073W",499,"YOR073W_499"
"YOR077W",214,"YOR077W_214"
"YOR078W",153,"YOR078W_153"
"YOR080W",194,"YOR080W_194"
"YOR086C",806,"YOR086C_806"
"YOR087W",544,"YOR087W_544"
"YOR091W",53,"YOR091W_53"
"YOR104W",157,"YOR104W_157"
"YOR119C",457,"YOR119C_457"
"YOR123C",343,"YOR123C_343"
"YOR123C",444,"YOR123C_444"
"YOR127W",129,"YOR127W_129"
"YOR138C",433,"YOR138C_433"
"YOR141C",335,"YOR141C_335"
"YOR148C",14,"YOR148C_14"
"YOR153W",810,"YOR153W_810"
"YOR168W",188,"YOR168W_188"
"YOR172W",19,"YOR172W_19"
"YOR182C",28,"YOR182C_28"
"YOR183W",32,"YOR183W_32"
"YOR191W",506,"YOR191W_506"
"YOR195W",372,"YOR195W_372"
"YOR196C",69,"YOR196C_69"
"YOR198C",349,"YOR198C_349"
"YOR206W",23,"YOR206W_23"
"YOR206W",83,"YOR206W_83"
"YOR216C",3,"YOR216C_3"
"YOR217W",836,"YOR217W_836"
"YOR227W",19,"YOR227W_19"
"YOR233W",139,"YOR233W_139"
"YOR239W",215,"YOR239W_215"
"YOR242C",22,"YOR242C_22"
"YOR242C",81,"YOR242C_81"
"YOR244W",91,"YOR244W_91"
"YOR244W",208,"YOR244W_208"
"YOR244W",412,"YOR244W_412"
"YOR252W",103,"YOR252W_103"
"YOR267C",456,"YOR267C_456"
"YOR272W",262,"YOR272W_262"
"YOR273C",276,"YOR273C_276"
"YOR279C",128,"YOR279C_128"
"YOR287C",275,"YOR287C_275"
"YOR290C",618,"YOR290C_618"
"YOR290C",646,"YOR290C_646"
"YOR290C",1382,"YOR290C_1382"
"YOR290C",1441,"YOR290C_1441"
"YOR291W",1451,"YOR291W_1451"
"YOR294W",181,"YOR294W_181"
"YOR296W",289,"YOR296W_289"
"YOR298W",297,"YOR298W_297"
"YOR308C",201,"YOR308C_201"
"YOR308C",276,"YOR308C_276"
"YOR308C",556,"YOR308C_556"
"YOR310C",451,"YOR310C_451"
"YOR310C",468,"YOR310C_468"
"YOR326W",793,"YOR326W_793"
"YOR326W",864,"YOR326W_864"
"YOR326W",915,"YOR326W_915"
"YOR328W",1554,"YOR328W_1554"
"YOR329C",254,"YOR329C_254"
"YOR329C",329,"YOR329C_329"
"YOR330C",794,"YOR330C_794"
"YOR330C",1136,"YOR330C_1136"
"YOR334W",400,"YOR334W_400"
"YOR338W",171,"YOR338W_171"
"YOR341W",1099,"YOR341W_1099"
"YOR342C",281,"YOR342C_281"
"YOR344C",166,"YOR344C_166"
"YOR357C",73,"YOR357C_73"
"YOR361C",673,"YOR361C_673"
"YOR372C",465,"YOR372C_465"
"YOR372C",516,"YOR372C_516"
"YOR380W",24,"YOR380W_24"
"YOR384W",79,"YOR384W_79"
"YPL005W",562,"YPL005W_562"
"YPL008W",147,"YPL008W_147"
"YPL009C",79,"YPL009C_79"
"YPL009C",207,"YPL009C_207"
"YPL009C",838,"YPL009C_838"
"YPL009C",889,"YPL009C_889"
"YPL009C",1032,"YPL009C_1032"
"YPL012W",1020,"YPL012W_1020"
"YPL012W",1217,"YPL012W_1217"
"YPL016W",593,"YPL016W_593"
"YPL019C",631,"YPL019C_631"
"YPL020C",392,"YPL020C_392"
"YPL020C",488,"YPL020C_488"
"YPL021W",162,"YPL021W_162"
"YPL022W",793,"YPL022W_793"
"YPL032C",810,"YPL032C_810"
"YPL041C",55,"YPL041C_55"
"YPL043W",102,"YPL043W_102"
"YPL043W",671,"YPL043W_671"
"YPL063W",93,"YPL063W_93"
"YPL063W",467,"YPL063W_467"
"YPL066W",252,"YPL066W_252"
"YPL072W",451,"YPL072W_451"
"YPL082C",205,"YPL082C_205"
"YPL085W",6,"YPL085W_6"
"YPL085W",2173,"YPL085W_2173"
"YPL090C",85,"YPL090C_85"
"YPL094C",246,"YPL094C_246"
"YPL105C",436,"YPL105C_436"
"YPL105C",456,"YPL105C_456"
"YPL107W",229,"YPL107W_229"
"YPL122C",506,"YPL122C_506"
"YPL126W",421,"YPL126W_421"
"YPL132W",70,"YPL132W_70"
"YPL138C",243,"YPL138C_243"
"YPL141C",139,"YPL141C_139"
"YPL141C",650,"YPL141C_650"
"YPL146C",18,"YPL146C_18"
"YPL146C",74,"YPL146C_74"
"YPL146C",312,"YPL146C_312"
"YPL146C",371,"YPL146C_371"
"YPL146C",436,"YPL146C_436"
"YPL147W",94,"YPL147W_94"
"YPL147W",146,"YPL147W_146"
"YPL157W",10,"YPL157W_10"
"YPL158C",289,"YPL158C_289"
"YPL159C",44,"YPL159C_44"
"YPL159C",231,"YPL159C_231"
"YPL167C",111,"YPL167C_111"
"YPL168W",149,"YPL168W_149"
"YPL174C",850,"YPL174C_850"
"YPL176C",584,"YPL176C_584"
"YPL179W",534,"YPL179W_534"
"YPL181W",145,"YPL181W_145"
"YPL181W",207,"YPL181W_207"
"YPL191C",334,"YPL191C_334"
"YPL192C",82,"YPL192C_82"
"YPL193W",243,"YPL193W_243"
"YPL195W",783,"YPL195W_783"
"YPL195W",897,"YPL195W_897"
"YPL207W",782,"YPL207W_782"
"YPL210C",551,"YPL210C_551"
"YPL210C",630,"YPL210C_630"
"YPL212C",506,"YPL212C_506"
"YPL217C",184,"YPL217C_184"
"YPL217C",342,"YPL217C_342"
"YPL217C",536,"YPL217C_536"
"YPL217C",828,"YPL217C_828"
"YPL217C",1135,"YPL217C_1135"
"YPL217C",1149,"YPL217C_1149"
"YPL220W",97,"YPL220W_97"
"YPL226W",1151,"YPL226W_1151"
"YPL230W",31,"YPL230W_31"
"YPL232W",254,"YPL232W_254"
"YPL237W",16,"YPL237W_16"
"YPL237W",49,"YPL237W_49"
"YPL237W",82,"YPL237W_82"
"YPL240C",253,"YPL240C_253"
"YPL243W",95,"YPL243W_95"
"YPL243W",156,"YPL243W_156"
"YPL249C-A",67,"YPL249C-A_67"
"YPL259C",142,"YPL259C_142"
"YPL263C",3,"YPL263C_3"
"YPL268W",114,"YPL268W_114"
"YPR001W",39,"YPR001W_39"
"YPR008W",80,"YPR008W_80"
"YPR009W",128,"YPR009W_128"
"YPR018W",184,"YPR018W_184"
"YPR018W",202,"YPR018W_202"
"YPR021C",394,"YPR021C_394"
"YPR021C",820,"YPR021C_820"
"YPR030W",713,"YPR030W_713"
"YPR035W",38,"YPR035W_38"
"YPR045C",86,"YPR045C_86"
"YPR045C",93,"YPR045C_93"
"YPR045C",144,"YPR045C_144"
"YPR052C",5,"YPR052C_5"
"YPR056W",328,"YPR056W_328"
"YPR061C",74,"YPR061C_74"
"YPR065W",83,"YPR065W_83"
"YPR072W",240,"YPR072W_240"
"YPR075C",117,"YPR075C_117"
"YPR083W",220,"YPR083W_220"
"YPR089W",572,"YPR089W_572"
"YPR091C",551,"YPR091C_551"
"YPR095C",267,"YPR095C_267"
"YPR097W",131,"YPR097W_131"
"YPR101W",67,"YPR101W_67"
"YPR102C",137,"YPR102C_137"
"YPR104C",410,"YPR104C_410"
"YPR111W",158,"YPR111W_158"
"YPR112C",105,"YPR112C_105"
"YPR112C",128,"YPR112C_128"
"YPR112C",440,"YPR112C_440"
"YPR122W",264,"YPR122W_264"
"YPR133C",133,"YPR133C_133"
"YPR133C",325,"YPR133C_325"
"YPR137W",8,"YPR137W_8"
"YPR137W",206,"YPR137W_206"
"YPR139C",80,"YPR139C_80"
"YPR143W",10,"YPR143W_10"
"YPR143W",86,"YPR143W_86"
"YPR143W",151,"YPR143W_151"
"YPR156C",365,"YPR156C_365"
"YPR157W",258,"YPR157W_258"
"YPR160W",368,"YPR160W_368"
"YPR165W",195,"YPR165W_195"
"YPR169W",464,"YPR169W_464"
"YPR171W",562,"YPR171W_562"
"YPR179C",644,"YPR179C_644"
"YPR186C",317,"YPR186C_317"
"YPR199C",3,"YPR199C_3"
